{
  "format-version" : 2,
  "table-uuid" : "86c4e1c6-67cc-42b4-90fb-7077ea6a8c47",
  "location" : "/content/iceberg_warehouse/db/my_iceberg_table",
  "last-sequence-number" : 2,
  "last-updated-ms" : 1758810477479,
  "last-column-id" : 7,
  "current-schema-id" : 0,
  "schemas" : [ {
    "type" : "struct",
    "schema-id" : 0,
    "fields" : [ {
      "id" : 1,
      "name" : "Voltage_measured",
      "required" : false,
      "type" : "double"
    }, {
      "id" : 2,
      "name" : "Current_measured",
      "required" : false,
      "type" : "double"
    }, {
      "id" : 3,
      "name" : "Temperature_measured",
      "required" : false,
      "type" : "double"
    }, {
      "id" : 4,
      "name" : "Current_load",
      "required" : false,
      "type" : "double"
    }, {
      "id" : 5,
      "name" : "Voltage_load",
      "required" : false,
      "type" : "double"
    }, {
      "id" : 6,
      "name" : "Time",
      "required" : false,
      "type" : "double"
    }, {
      "id" : 7,
      "name" : "__index_level_0__",
      "required" : false,
      "type" : "long"
    } ]
  } ],
  "default-spec-id" : 0,
  "partition-specs" : [ {
    "spec-id" : 0,
    "fields" : [ ]
  } ],
  "last-partition-id" : 999,
  "default-sort-order-id" : 0,
  "sort-orders" : [ {
    "order-id" : 0,
    "fields" : [ ]
  } ],
  "properties" : {
    "owner" : "root",
    "write.parquet.compression-codec" : "zstd"
  },
  "current-snapshot-id" : 5291333490413539745,
  "refs" : {
    "main" : {
      "snapshot-id" : 5291333490413539745,
      "type" : "branch"
    }
  },
  "snapshots" : [ {
    "sequence-number" : 1,
    "snapshot-id" : 3244201686743618521,
    "timestamp-ms" : 1758810456937,
    "summary" : {
      "operation" : "append",
      "spark.app.id" : "local-1758810442021",
      "added-data-files" : "1",
      "added-records" : "163",
      "added-files-size" : "7706",
      "changed-partition-count" : "1",
      "total-records" : "163",
      "total-files-size" : "7706",
      "total-data-files" : "1",
      "total-delete-files" : "0",
      "total-position-deletes" : "0",
      "total-equality-deletes" : "0",
      "engine-version" : "3.5.1",
      "app-id" : "local-1758810442021",
      "engine-name" : "spark",
      "iceberg-version" : "Apache Iceberg 1.6.1 (commit 8e9d59d299be42b0bca9461457cd1e95dbaad086)"
    },
    "manifest-list" : "/content/iceberg_warehouse/db/my_iceberg_table/metadata/snap-3244201686743618521-1-d181989a-0092-49b0-bc71-b9cb648ebba6.avro",
    "schema-id" : 0
  }, {
    "sequence-number" : 2,
    "snapshot-id" : 5291333490413539745,
    "timestamp-ms" : 1758810477479,
    "summary" : {
      "operation" : "append",
      "spark.app.id" : "local-1758810442021",
      "added-data-files" : "1",
      "added-records" : "163",
      "added-files-size" : "7706",
      "changed-partition-count" : "1",
      "total-records" : "163",
      "total-files-size" : "7706",
      "total-data-files" : "1",
      "total-delete-files" : "0",
      "total-position-deletes" : "0",
      "total-equality-deletes" : "0",
      "engine-version" : "3.5.1",
      "app-id" : "local-1758810442021",
      "engine-name" : "spark",
      "iceberg-version" : "Apache Iceberg 1.6.1 (commit 8e9d59d299be42b0bca9461457cd1e95dbaad086)"
    },
    "manifest-list" : "/content/iceberg_warehouse/db/my_iceberg_table/metadata/snap-5291333490413539745-1-26e407a3-61f8-43b3-900a-c1f1ade2bc27.avro",
    "schema-id" : 0
  } ],
  "statistics" : [ ],
  "partition-statistics" : [ ],
  "snapshot-log" : [ {
    "timestamp-ms" : 1758810456937,
    "snapshot-id" : 3244201686743618521
  }, {
    "timestamp-ms" : 1758810477479,
    "snapshot-id" : 5291333490413539745
  } ],
  "metadata-log" : [ {
    "timestamp-ms" : 1758810456937,
    "metadata-file" : "/content/iceberg_warehouse/db/my_iceberg_table/metadata/v1.metadata.json"
  } ]
}